Unnamed: 0,URL,Image_Name,Folder_Name,Store_Name,Store_Category,Store_Location,NIMA Model Score,Paq2piq Local Score,Paq2piq Global Score,Paq2piq Class
1,https://drive.google.com/file/d/1o8MYSz37M5UU485zUonhDD2b7j7-JvEp/view?usp=drive_link,01_Cafe and Bar.jpeg,Restaurant,Sausage Emporium,American Restaurant,"Sonoma, CA",,65.9443130493164,61.425898397624415,Good
2,https://drive.google.com/file/d/1BCCPVvXNXyelfozkDuncN17Ol9nxVk5M/view?usp=drive_link,02_Coffee and Tea.jpeg,Restaurant,Roy's Station Coffee & Tea,Coffee Shop,"San Jose, CA",,67.63970947265625,74.91060137109692,Good
3,https://drive.google.com/file/d/1gltLmIrdjfLl8I0aUz8mJ88gGpx-K7un/view?usp=drive_link,03_UYGHUR CUISINE(HALAL FOOD).jpeg,Restaurant,Kusan Uyghur Cuisine,Halal Restaurant,"San Jose, CA",,66.81170654296875,73.89153059560819,Good
4,https://drive.google.com/file/d/16IYZMQxkUSgBlLycvQGDJQC-alTl6X7T/view?usp=drive_link,04_Asian BBQ.jpeg,Restaurant,Santo Market Inc,Asian Restaurant,"San Jose, CA",,68.81141662597656,72.46602893140381,Good
5,https://drive.google.com/file/d/1WD4glNuljbGmdzyzrrQ39zxwP8CEI4Yb/view?usp=drive_link,05_Ice cream.jpeg,Restaurant,Rocko's Ice Cream Tacos,Ice Cream Shop,"Santa Clara, CA",,65.63664245605469,74.30162881118423,Good
6,https://drive.google.com/file/d/1SklQHZ0AygZV1qOBigc1tPI2kygtVTcn/view?usp=drive_link,06_Basque Cafe.jpeg,Restaurant,Basque Boulangerie Café,European Restaurant,"Sonoma, CA",,65.09854125976562,64.49354832101696,Good
7,https://drive.google.com/file/d/1-9vSW1z_YRS3sT1PVdXL05R5vujTfhMX/view?usp=drive_link,07_Healthy Restaurant.HEIC,Restaurant,Boltiful Fresh Kitchen,American Restaurant,"San Jose, CA",,67.66494750976562,75.66100330231237,Good
8,https://drive.google.com/file/d/1o65ym727DJO7vUl5duzDnfJiIAOyjM0A/view?usp=drive_link,08_INTERNATIONAL CUISINE (FOR CATERING).jpeg,Restaurant,Golden Harvest Catering,Caterer Store,"San Jose, CA",,66.35198211669922,73.25657706799768,Good
9,https://drive.google.com/file/d/1Lnn49k52lzu-ALklOm3shXfKywet1D22/view?usp=drive_link,09_Local cafe.jpeg,Restaurant,Town Square Inc,Liquor Bar,"Sonoma, CA",,67.71832275390625,71.45806271601745,Good
10,https://drive.google.com/file/d/1eoD9oi7q81qm8VjImxZsK1hUBFGAsap9/view?usp=drive_link,10_Pizza.HEIC,Restaurant,Giovanni's New York Pizzeria,American Restaurant,"Sunnyvale, CA",,68.32077026367188,72.9645291604614,Good
11,https://drive.google.com/file/d/1iddVIYiz5fLlC24mOgQUL7YKrsvDaJ1A/view?usp=drive_link,11_Cafe for Bowls.HEIC,Restaurant,Vitality Bowls San Jose - Brokaw,American Restaurant,"San Jose, CA",,67.58039855957031,71.41436470738452,Good
12,https://drive.google.com/file/d/1QFDY1rADefd08SphmtCnP2KCzyKV6ywB/view?usp=drive_link,12_Kazoo Sushi.HEIC,Restaurant,Kazoo Japanese Sushi Boat Restaurant,Asian Restaurant,"San Jose, CA",,69.84259796142578,72.51947509393332,Good
13,https://drive.google.com/file/d/1bD_lL_-6L_YLivHtSwzODcmfEIINNgAM/view?usp=drive_link,13_Sandwich.jpeg,Restaurant,Annie's Sandwiches,Asian Restaurant,"Santa Clara, CA",,67.46784210205078,74.31050067069609,Good
14,https://drive.google.com/file/d/1Q7Ttjbvdyj3OZmptEi6atWTTI-T-9Shu/view?usp=drive_link,14_French Restaurant.PNG,Restaurant,The Girl & The Fig,French Restaurant,"Sonoma, CA",,67.4950942993164,75.44604791934694,Good
15,https://drive.google.com/file/d/1H3cQKxqshk1OhfcdIJ5uITotePBpgTdL/view?usp=drive_link,15_Branch Cafe.PNG,Restaurant,Kenny's Cafe,American Restaurant,"Santa Clara, CA",,67.71338653564453,78.27629802579733,Good
16,https://drive.google.com/file/d/169IgfmgXXUBr3tdIsTNLgCzt8JEEcNpO/view?usp=drive_link,16_Pho.jpeg,Restaurant,Pho Bel Air,Asian Restaurant,"San Jose, CA",,63.30535125732422,74.51545458685845,Good
17,https://drive.google.com/file/d/1_BbTbK6aDtE6zy8Lz0MwQMFjlX967zHw/view?usp=drive_link,17_Pizza.PNG,Restaurant,Slice Pizza,American Restaurant,"San Jose, CA",,66.34387969970703,77.28941471199968,Good
18,https://drive.google.com/file/d/13jGing5dEuII21qysZRmq63Sc3rreOxb/view?usp=drive_link,18_Bread bakery.HEIC,Restaurant,Beard Papa's,Bakery Store,"Cupertino, CA",,67.01358032226562,72.38399528659107,Good
19,https://drive.google.com/file/d/10Sjm3BibHoRp50_CogXbgo-8tDL3DQHn/view?usp=drive_link,19_European Cuisine.HEIC,Restaurant,House of Falafel,European Restaurant,"Cupertino, CA",,69.21324157714844,72.85796530858505,Good
20,https://drive.google.com/file/d/1CRy8dm9NjzwyGMsfKN1a2RvrNz4AfWMS/view?usp=drive_link,20_Shabu hotpot.HEIC,Restaurant,One Pot Shabu Shabu,Asian Restaurant,"Cupertino, CA",,68.07523345947266,74.4887755472391,Good
21,https://drive.google.com/file/d/1duLXXU0A8d2c0O6FsJiWJQdLsNkxR5UW/view?usp=drive_link,21_Bar.jpeg,Restaurant,Gordon Biersch Brewing Company,Liquor Bar,"San Jose, CA",,69.12408447265625,65.7622465797865,Good
22,https://drive.google.com/file/d/1H_Nqei7FtZo1uLXGlWJ7OvtWOXT1Bo62/view?usp=drive_link,22_Cafe.HEIC,Restaurant,Con Azucar Cafe,Coffee Shop,"San Jose, CA",,66.20082092285156,70.34860206042553,Good
23,https://drive.google.com/file/d/1uYgsl5KtQch7P90hocbiZw8DrM23IWTN/view?usp=drive_link,23_Stew Restaurant.HEIC,Restaurant,Stone Stew 2,Caterer Store,"San Jose, CA",,64.6624984741211,66.70808385075733,Good
24,https://drive.google.com/file/d/1OjH20w-gZWEZRppVEUcMx4lBkSwHwS2s/view?usp=drive_link,24_Mexican Food.HEIC,Restaurant,La Victoria Taqueria,Mexican Restaurant,"San Jose, CA",,65.41903686523438,72.7211178275309,Good
25,https://drive.google.com/file/d/1vWkNZ5dek_hnEFJ_ZAbmxO-8n8wBdEMA/view?usp=drive_link,25_Chinese Cuisine.jpeg,Restaurant,Soong Soong Restaurant,Asian Restaurant,"San Jose, CA",,67.81396484375,73.37458929938718,Good
26,https://drive.google.com/file/d/1SWdGqrDciOfDcICDkSpqD8qZfVFcY3Y1/view?usp=drive_link,26_Cafe.jpeg,Restaurant,CAFFE:iN - Santa Clara,Coffee Shop,"Santa Clara, CA",,67.90652465820312,65.72550900162254,Good
27,https://drive.google.com/file/d/1hsAFZ4VtL5l1YBqRhux6qzkUAJeWiWVE/view?usp=drive_link,27_Grill and Bar.HEIC,Restaurant,Calix-Mex Cafe Bar & Grill,American Restaurant,"Santa Clara, CA",,68.18447875976562,71.790192440308,Good
28,https://drive.google.com/file/d/1R7SYvSYk-aMpTzut_shxBoANUxSfXn5g/view?usp=drive_link,28_Halal Food.jpeg,Restaurant,Shawarmaji,Halal Restaurant,"Santa Clara, CA",,68.64346313476562,69.54799275069355,Good
29,https://drive.google.com/file/d/1-64mT6H2bxO_X3R2etoaygMhdnQwsd0v/view?usp=drive_link,29_Bar.jpeg,Restaurant,Woof's Bar,Coffee Shop,"Santa Clara, CA",,68.68968963623047,70.65708052608177,Good
30,https://drive.google.com/file/d/1c6r8qFbNdTmC-f8yH1aaRW243gb3jYF9/view?usp=drive_link,30_Sushi.jpeg,Restaurant,Akita Sushi,Asian Restaurant,"Santa Clara, CA",,69.51652526855469,73.23189070640889,Good
31,https://drive.google.com/file/d/1VN6K9hoEP8nDUBTATfQxJ4UYVUj-ixIV/view?usp=drive_link,31_Ramen.jpeg,Restaurant,Ramen Taka,Asian Restaurant,"Santa Clara, CA",,68.98082733154297,72.91714911531437,Good
32,https://drive.google.com/file/d/1-fss4rt0XylqQ0uUuUcACg8sBdXCF5VT/view?usp=drive_link,32_Taco Salad.jpeg,Restaurant,El Amigo Taqueria,American Restaurant,"Santa Clara, CA",,66.62532806396484,65.3481009668834,Good
33,https://drive.google.com/file/d/1fZ9AiVQSknlut5NiRV5J4pEpom48TIyJ/view?usp=drive_link,33_Bar.jpeg,Restaurant,Smoke This Hookah Lounge,Liquor Bar,"Santa Clara, CA",,67.92391967773438,74.71714660331473,Good
34,https://drive.google.com/file/d/14unKTv0yM7Q332Ee-Ym9hCRMm0d9m63I/view?usp=drive_link,34_Pizza.jpeg,Restaurant,Got2go Pizza,American Restaurant,"San Jose, CA",,68.47730255126953,76.1108789251991,Good
35,https://drive.google.com/file/d/1_RzeveWCH2peCaC1FdbF1bjlvdft96tC/view?usp=drive_link,35_Korean BBQ.jpeg,Restaurant,Yakini Q SJ,Asian Restaurant,"San Jose, CA",,67.50947570800781,72.60118907141137,Good
36,https://drive.google.com/file/d/1Pfv29Ar0PTNYWXLhOreEyyZaXVI3f1As/view?usp=drive_link,36_Japanese Cuisine.jpg,Restaurant,Minato Japanese Restaurant,Asian Restaurant,"San Jose, CA",,67.14165496826172,79.42358557494671,Good
37,https://drive.google.com/file/d/1wY5_pBgfxYWIU6IV7KX7GOZ_u9FqSvn0/view?usp=drive_link,37_Vietnamese Restaurant.jpeg,Restaurant,Pho Lyfe,Asian Restaurant,"Santa Clara, CA",,66.56279754638672,78.45360829386695,Good
38,https://drive.google.com/file/d/1bOZuIAAbemdlZpSvW9N06A4Dekc3NEEL/view?usp=drive_link,38_Sweet Store.jpeg,Restaurant,SOMISOMI,Coffee Shop,"San Jose, CA",,65.60041046142578,68.42947643301193,Good
39,https://drive.google.com/file/d/1JpDij0F7YF5lCfiPoXWDUufosBt-5aVa/view?usp=drive_link,39_Donut Store.jpeg,Restaurant,Dunkin',Coffee Shop,"San Jose, CA",,67.30462646484375,74.52379337326659,Good
40,https://drive.google.com/file/d/1lTMvYhVNN7MBIOTUXPQXINIb-BXyFCqd/view?usp=drive_link,40_Curry.jpeg,Restaurant,Sam & Curry,Asian Restaurant,"San Jose, CA",,68.77635955810547,75.29913551040595,Good
41,https://drive.google.com/file/d/1QvjMDmJqiWOBNI7pTFEObi84b5kVBlHc/view?usp=drive_link,41_Japanese BBQ.jpeg,Restaurant,Sumiya Bento,Asian Restaurant,"Milpitas, CA",,64.69618225097656,68.85194970379756,Good
42,https://drive.google.com/file/d/1hl4muO-PcLc4pSrqRKYm6Jkm79Bv63Q2/view?usp=drive_link,42_Vegan Cuisine.jpeg,Restaurant,Loving Hut,Asian Restaurant,"Milpitas, CA",,66.99581909179688,75.96435997497751,Good
43,https://drive.google.com/file/d/1m9wBwOcqAEzZTDrVBWAjuHz5qZqAHrYp/view?usp=drive_link,43_Combo Lunch.jpeg,Restaurant,Pepper Lunch,Asian Restaurant,"Milpitas, CA",,64.7779312133789,72.94764851217704,Good
44,https://drive.google.com/file/d/1aIN1wWqhgAmSavN0VMtkx1MHEE2eOqdu/view?usp=drive_link,44_Shabu.jpeg,Restaurant,Mala Town,Asian Restaurant,"Milpitas, CA",,67.68148040771484,71.49654040179867,Good
45,https://drive.google.com/file/d/1oS1mLrClGGb36af3NXaZvd-QfOTMNeGB/view?usp=drive_link,45_Indian Restaurant.jpeg,Restaurant,Anjappar Chettinad Indian Restaurant,Asian Restaurant,"Milpitas, CA",,65.50438690185547,69.97304067050469,Good
46,https://drive.google.com/file/d/1cUqh87ZtUWzUAHCRjkWi_FKh67AJd1zl/view?usp=drive_link,46_Noodle Restaurant.jpeg,Restaurant,King Noodle,Asian Restaurant,"Fremont, CA",,66.71310424804688,71.25306738498648,Good
47,https://drive.google.com/file/d/1NMgidNdlUp3ymOOu5JkrPE_4bmsAbmZ0/view?usp=drive_link,47_Drive Thru Cafe.png,Restaurant,Caffino Drive-Thru Espresso,Coffee Shop,"Santa Clara, CA",,68.8008804321289,81.964681599281,Excellent
48,https://drive.google.com/file/d/1kGSxiv60PaYd4eH7nepHRsR8NuMDfC73/view?usp=drive_link,48_Alabama Cafe.jpeg,Restaurant,Alabama Hills Cafe & Bakery,American Restaurant,"Lone Pine, CA",,63.785682678222656,42.679133082492015,Fair
49,https://drive.google.com/file/d/1ciqRdgkCOs2lil0fFAJUIorWmMF7icFx/view?usp=drive_link,49_Bagel Store.jpeg,Restaurant,Bagel Street Cafe,Bakery Store,"Sunnyvale, CA",,66.03832244873047,72.52977369003536,Good
50,https://drive.google.com/file/d/1ugA1jCWHZZWEGwHmX4IDkTC6y5kWKPZ5/view?usp=drive_link,50_Donut Store.jpeg,Restaurant,Marty's Donuts,Bakery Store,"Sunnyvale, CA",,67.0997543334961,71.87796133777758,Good
51,https://drive.google.com/file/d/1M3IhGoTuhxvmXj0BNmL9bUri6sArW-If/view?usp=drive_link,51_Brunch Restaurant.jpeg,Restaurant,López Taqueria,Mexican Restaurant,"Sunnyvale, CA",,68.37593841552734,76.51956830471532,Good
52,https://drive.google.com/file/d/1uhLUGsAcQXgyrbDv9JHYncgkdQWq-cT3/view?usp=drive_link,52_Indian Restaurant.jpeg,Restaurant,Himalayan Magic Masala,Asian Restaurant,"San Jose, CA",,65.30506134033203,70.61652536487998,Good
53,https://drive.google.com/file/d/1BFv0jqkqLkN3oLXYD84VGGBVEGaJeu8w/view?usp=drive_link,53_Pizza Store.jpeg,Restaurant,Pizz'A Chicago,American Restaurant,"Santa Clara, CA",,67.13861083984375,71.6068241610913,Good
54,https://drive.google.com/file/d/1P4L1puBJ58reUTQttel3ZKspRTnZX2n7/view?usp=drive_link,54_American Food.jpeg,Restaurant,Chalateco,Mexican Restaurant,"Santa Clara, CA",,65.24728393554688,75.89348663661669,Good
55,https://drive.google.com/file/d/1rCIFotOiE2woyzfOBVE1xnECELwDhAcB/view?usp=drive_link,55_Indian Food.jpeg,Restaurant,Mom's Biriyani,Asian Restaurant,"Sunnyvale, CA",,67.3442611694336,78.31683696611331,Good
56,https://drive.google.com/file/d/1W600L8DnxB1mq7P-gwA1f0l76AenHuxF/view?usp=drive_link,56_Indian Vegan Food.jpeg,Restaurant,Mylapore South Indian Westgate,Asian Restaurant,"San Jose, CA",,66.66455841064453,75.93600556274647,Good
57,https://drive.google.com/file/d/1SOQRN2syjobmiD8SVJxXFvQNGIKMvfiL/view?usp=drive_link,57_Mexican Food.jpeg,Restaurant,Pupusería La Chalateca,Mexican Restaurant,"San Jose, CA",,67.23616027832031,74.6494463191427,Good
58,https://drive.google.com/file/d/1KFCtWnfXzfK7kAGRlAlVGtxSH7_Bg7Zb/view?usp=drive_link,58_Pizza store.jpeg,Restaurant,City Pizza,American Restaurant,"Campbell, CA",,66.225830078125,77.48086410953455,Good
59,https://drive.google.com/file/d/1frlW3bj0mYb22P3AV27bT_r4c0nmyioi/view?usp=drive_link,59_Mexican Food.jpeg,Restaurant,Taqueria Los Pericos ,Mexican Restaurant,"Campbell, CA",,67.42813873291016,74.7561370931866,Good
60,https://drive.google.com/file/d/1HesD7PBuk9zERxvrLKogY0ltu96tvGgG/view?usp=drive_link,60_Rice Noodle.jpeg,Restaurant,575 Miishien（Rice noodle soup）,Asian Restaurant,"San Jose, CA",,66.68501281738281,76.49299080283001,Good
61,https://drive.google.com/file/d/1pGB8EkvCsNT8_FTKVl6bwD3HPnoa75NN/view?usp=drive_link,61_Mexican American Food.jpeg,Restaurant,El Buen Sazón,Mexican Restaurant,"San Jose, CA",,67.29837036132812,78.2993217069912,Good
62,https://drive.google.com/file/d/1snCiqV4N1Bfz04cYKNy4ONnf1wHa64nr/view?usp=drive_link,62_Mexican Food.jpeg,Restaurant,Casa Lupe,Mexican Restaurant,"Campbell, CA",,65.38898468017578,75.57729813281207,Good
63,https://drive.google.com/file/d/18RCXCewB7Bb98NGXjil77iR5P6gIzC8Y/view?usp=drive_link,63_Tea Cafe.jpeg,Restaurant,Sinceretea,Coffee Shop,"San Jose, CA",,66.68042755126953,66.92169093887364,Good
64,https://drive.google.com/file/d/1jUWW37XrnkQmlB072S8dKiZHG_1A_fBq/view?usp=drive_link,64_Japanese Cuisine.jpeg,Restaurant,Gombei,Asian Restaurant,"San Jose, CA",,66.81139373779297,64.42197307810784,Good
65,https://drive.google.com/file/d/1VuRZz5rw6a0xTtbc6SkQXgvLwXbc-2eB/view?usp=drive_link,65_Shabu.jpeg,Restaurant,Shabu Time,Asian Restaurant,"San Jose, CA",,63.93525314331055,62.48036810127151,Good
66,https://drive.google.com/file/d/1oJOqdTjacJx03Bx_1z2rL7HYNZ-TPunB/view?usp=drive_link,66_Korean Kitchen.jpeg,Restaurant,HoM Korean Kitchen,Asian Restaurant,"San Jose, CA",,62.439090728759766,59.72808604920345,Fair
67,https://drive.google.com/file/d/1qJMUeH2rEFYzjFX0jTEtaZFdEPzHynqS/view?usp=drive_link,67_Liquor bar.jpeg,Restaurant,Cash Only,Liquor Bar,"San Jose, CA",,64.41265869140625,65.92730821662185,Good
68,https://drive.google.com/file/d/13rIji6K2MRM8lSiGfuo3OmA2GnayTaRK/view?usp=drive_link,68_Food Court.jpeg,Restaurant,San Jose's Downtown Food Hall,American Restaurant,"San Jose, CA",,65.85052490234375,69.62613778766777,Good
69,https://drive.google.com/file/d/1b30d64evAxGBjr9rZwGFrH-agU5xzaU4/view?usp=drive_link,69_Pizza.jpeg,Restaurant,Mountain Mike's Pizza,American Restaurant,"San Jose, CA",,66.4320297241211,63.98744334740276,Good
70,https://drive.google.com/file/d/1cfvfVx0QEr0CWcRL9Rhpo3yJQ6hSodss/view?usp=drive_link,70_Bar and Restaurant.jpeg,Restaurant,Nexus Restaurant & Lounge Bar,Liquor Bar,"San Jose, CA",,63.61313629150391,60.73358415276535,Good
71,https://drive.google.com/file/d/1HnxB3xwR71eTtuY_e19A3sMvoU8gsvja/view?usp=drive_link,71_Korean Restaurant.jpeg,Restaurant,Cheon Joo House,Asian Restaurant,"Santa Clara, CA",,56.83384704589844,49.19381190223579,Fair
72,https://drive.google.com/file/d/1aNZA56iB1pUKv8961LMtVyTurNYmBr_I/view?usp=drive_link,01_Art store.jpeg,Retail,The Passdoor,Art Gallery,"Sonoma, CA",,67.03253173828125,65.51987444738522,Good
73,https://drive.google.com/file/d/1ABZ60yNZasiw8TdkYoYeGvgtONxRWzaq/view?usp=drive_link,02_Cosmetics Retail Store.jpeg,Retail,Sally Beauty,Cosmetics Store,"San Jose, CA",,67.55217742919922,64.3489240705841,Good
74,https://drive.google.com/file/d/1hQVu3F58usZAfTqbvlOpEag7nBMtdz40/view?usp=drive_link,03_Clothing retail.jpeg,Retail,Cukui,Clothing Store,"San Jose, CA",,67.11786651611328,74.28842890575886,Good
75,https://drive.google.com/file/d/1Dh4pAW1_0Uiny81_bQ6mgViVhrMS4RVP/view?usp=drive_link,04_Flower and Art shop.jpeg,Retail,FLOWER + HEWES,Art Gallery,"Sonoma, CA",,63.03468704223633,62.93141109814019,Good
76,https://drive.google.com/file/d/1GhLQHhI3-jqGMWBmM3dct52dWoKahT07/view?usp=drive_link,05_Dry Cleaner Store.jpeg,Retail,Nancy Cleaners,Cleaners,"Sunnyvale, CA",,54.89399337768555,43.932951645514144,Fair
77,https://drive.google.com/file/d/1ShqbLSQH9pwB1-ZeVw7GatQiBEy2lq8a/view?usp=drive_link,06_Convenience store.jpeg,Retail,Taylor Street Market,Convenience Store,"San Jose, CA",,69.85067749023438,75.85864650162377,Good
78,https://drive.google.com/file/d/1UTTrPNioj5IawtFBMHke6n2-bJIPLb7O/view?usp=drive_link,07_Retail store selling fireplaces.jpeg,Retail,Penguin Fireplace,Furniture Store,"San Jose, CA",,67.72665405273438,73.218043497929,Good
79,https://drive.google.com/file/d/1bh1OGZO5qAm-iLxVyV35ym6VsxY4Sqxm/view?usp=drive_link,08_Japanese Grocery.jpeg,Retail,Nijiya Market San Jose Store,Grocery Store,"San Jose, CA",,68.8706283569336,71.54004309222967,Good
80,https://drive.google.com/file/d/19AnQ0YBu_XPFsuSa5xxZO2oIvK0_Ju-r/view?usp=drive_link,09_Furniture retail.HEIC,Retail,United Furniture Club,Furniture Store,"Cupertino, CA",,68.88197326660156,74.03705955292287,Good
81,https://drive.google.com/file/d/1oGNxRsimPCqgYAfhO82xnzz9SuPuevSP/view?usp=drive_link,10_Florist store.HEIC,Retail,Uni Floral,Florist Store,"Cupertino, CA",,67.32222747802734,68.25482644808159,Good
82,https://drive.google.com/file/d/1KJbmv7wgcT50yTDXE5DpCBjeCiApP1PD/view?usp=drive_link,11_clothes store.HEIC,Retail,Le Caprice,Clothing Store,"Cupertino, CA",,67.41287994384766,66.56594546834911,Good
83,https://drive.google.com/file/d/1XH62ZPWyMSWwyLcd1DSTGHYxgQAv6wwp/view?usp=drive_link,12_Decoration store.HEIC,Retail,Okaigan Karate,Coach Store,"Cupertino, CA",,68.51347351074219,73.05604004326612,Good
84,https://drive.google.com/file/d/1fzjmLsSuazLhAb0c_ncyM8UFJsUJSaJr/view?usp=drive_link,13_Candy shop.HEIC,Retail,See's Candies,Sweet Shop,"San Jose, CA",,65.66109466552734,62.64869687893922,Good
85,https://drive.google.com/file/d/1z8jE6uMUskK8ol5Dy4gF0gdYZSLj6Pi4/view?usp=drive_link,14_Gift Shop.jpeg,Retail,Empire Seven Studios,Gift Shop,"San Jose, CA",,69.35340118408203,74.40126271271225,Good
86,https://drive.google.com/file/d/1x_aCyDutNlgth-hifTJ_6u7XaUBJ-NC0/view?usp=drive_link,15_Pottery Store.HEIC,Retail,Paqueteria Neza,Pottery store,"San Jose, CA",,67.62333679199219,68.25100886504377,Good
87,https://drive.google.com/file/d/1zPtGUfeOnXkNNTFy4HIVn4CQKULksVE7/view?usp=drive_link,16_Mexican Market.HEIC,Retail,Cardenas Markets,Grocery Store,"San Jose, CA",,66.34745788574219,71.62301781565174,Good
88,https://drive.google.com/file/d/1To3sL97eKb35bSnncQSjp8AnyuBpkaIj/view?usp=drive_link,17_Insurance Retail.HEIC,Retail,Auto International Insurance,Insurance Store,"San Jose, CA",,67.19597625732422,71.0568436168424,Good
89,https://drive.google.com/file/d/1HWQFzOXpqfuc8UKd4sW4KyYhT1lFpYQS/view?usp=drive_link,18_Vitamin and supplements.HEIC,Retail,Natural La Salud,Pharmacy Store,"San Jose, CA",,67.77130126953125,70.43093756064127,Good
90,https://drive.google.com/file/d/1fbf3mND5n7osRoD_vlOMcecQcSobFHsw/view?usp=drive_link,19_Smoke shop.jpeg,Retail,Fatcat Smoke Shop,Tobacco Shop ,"Santa Clara, CA",,68.90170288085938,71.77122881852013,Good
91,https://drive.google.com/file/d/1sr_0gvu8tfyajhZlJxwQ8LAnNPhitFXC/view?usp=drive_link,20_Men Clothing Store.jpeg,Retail,Esmeralda's Jewelry,Clothing Store,"San Jose, CA",,67.72372436523438,67.88127150878061,Good
92,https://drive.google.com/file/d/1eeDFDnQ004A6iqyaT0QZGzVOmr66xxyg/view?usp=drive_link,21_Toy Store.jpeg,Retail,Claw Meee,Toy Store,"Milpitas, CA",,67.98078155517578,72.36176452397082,Good
93,https://drive.google.com/file/d/1no6bgBFGqoGQrlZUmMu9qLkTPoruPUm7/view?usp=drive_link,22_Cosmetics Store.jpeg,Retail,TokTok Beauty,Cosmetics Store,"Milpitas, CA",,64.69453430175781,70.76896234339023,Good
94,https://drive.google.com/file/d/1PniygZTFpLGxNLZDrzSLTdv_FvfcgITH/view?usp=drive_link,23_Korean Cosmetic Store.jpeg,Retail,Kira Kira Beauty,Cosmetics Store,"Cupertino, CA",,67.19467163085938,77.62191271433467,Good
95,https://drive.google.com/file/d/1ODLDdsVKaLpyJHuVolPd6C9K9t3_T_2u/view?usp=drive_link,24_Cosmetic Store.jpeg,Retail,The Cosmetics Company Store,Cosmetics Store,"Milpitas, CA",,65.90579986572266,74.0947710625086,Good
96,https://drive.google.com/file/d/1AUB31zWUx3pQmdCr-Kg5j6nrjgoSW1Iz/view?usp=drive_link,25_Smoke Shop.jpeg,Retail,S&A Smoke Shop,Tobacco Shop ,"San Jose, CA",,68.04485321044922,78.94576169076512,Good
97,https://drive.google.com/file/d/10E-9ilzz8r5Tzd6-U7kcfv_5aZ2qFfDx/view?usp=drive_link,26_Tabacco Shop.jpeg,Retail,Hot Box Smoke Shop,Tobacco Shop ,"Santa Clara, CA",,64.39691925048828,74.31368641710164,Good
98,https://drive.google.com/file/d/1ja3k1Y0_SGBNB-W8zRcNhzTiuKnpVwRh/view?usp=drive_link,27_Smoke Shop.jpeg,Retail,A1 plus smoke shop,Tobacco Shop ,"San Jose, CA",,68.0728530883789,76.05012128359213,Good
99,https://drive.google.com/file/d/1ezFNYQjEtyfDXmbvu7YWHqxDDcZAjaGg/view?usp=drive_link,28_Street Convenience Store.jpeg,Retail,Smile Market Inc,Convenience Store,"San Jose, CA",,67.26234436035156,78.03493013976441,Good
100,https://drive.google.com/file/d/1hHvfGNQiTBDwL3GdHCq7pBFiaW4S2ZrK/view?usp=drive_link,29_Quick Buy Store.jpeg,Retail,Quik Buy Market,Convenience Store,"Santa Clara, CA",,66.58771514892578,74.96926479693927,Good
101,https://drive.google.com/file/d/1n5pEHSocysoYs6c1qi3wkJv7nbPVzsTK/view?usp=drive_link,30_Glass Store.jpeg,Retail,Japantown Optometry,Optical Store,"San Jose, CA",,67.3781509399414,71.99987540818543,Good
102,https://drive.google.com/file/d/1_BVZrQ5D87B3BYaGpcDEu7xUUaCAGrcZ/view?usp=drive_link,31_Handicrafts.jpeg,Retail,San Jose Made,Toy Store,"San Jose, CA",,66.59867858886719,67.68652150525115,Good
103,https://drive.google.com/file/d/15E46KpJZhZDCIz1CLRVvX1SzrJNzPlPo/view?usp=drive_link,32_Clothing Store.jpeg,Retail,Diaz,Clothing Store,"San Jose, CA",,65.13353729248047,67.348780821705,Good
104,https://drive.google.com/file/d/1yoEKF4rwsRbkM6EvKQOcPVKRFUveGUUE/view?usp=drive_link,33_Dry Clean Store.jpeg,Retail,Sparkle Klean Cleaners,Cleaners,"Sunnyvale, CA",,64.72920989990234,72.62237238117574,Good
105,https://drive.google.com/file/d/1LvPh_MTKZjut8hPZ0GsfmdFA0ggtPyfr/view?usp=drive_link,34_Tobacco Store.jpeg,Retail,Tobacco City,Tobacco Shop ,"Sunnyvale, CA",,57.64564514160156,39.6400617632826,Poor
106,https://drive.google.com/file/d/1Tj3SE62-HHHg5MlNgCdYUYFBS-4XdRot/view?usp=drive_link,01_Wax Center.jpeg,Salon,European Wax Center,Wax Center,"San Jose, CA",,67.1084976196289,70.71175186642343,Good
107,https://drive.google.com/file/d/1LDHetSabvrmwvV8991Ix3V1gAk03aaAI/view?usp=drive_link,02_Private Dental Care.HEIC,Salon,Lakewood Dental Care,Dental Care,"Sunnyvale, CA",,67.04290771484375,67.1474787803106,Good
108,https://drive.google.com/file/d/1xLph5zRtfbIpL5NNbxwpb98CYRU52YoM/view?usp=drive_link,03_Chinese Style Haircut.jpeg,Salon,Hair Com,Beauty Salon,"Milpitas, CA",,64.8366470336914,66.98827668953332,Good
109,https://drive.google.com/file/d/1RiJwYzhGie7iPkbTx2LlSBF9YPQ8PWOA/view?usp=drive_link,04_Bueaty studio.jpeg,Salon,O BEAUTY STUDIO,Nail Salon,"San Jose, CA",,67.03849029541016,70.50860318021074,Good
110,https://drive.google.com/file/d/14iD9kL0NEFW02RXHVHd6yP38Vkewiccu/view?usp=drive_link,05_Beauty Salon.HEIC,Salon,Instyle Beauty Salon & Barber,Beauty Salon,"Sunnyvale, CA",,67.501220703125,68.9535151688038,Good
111,https://drive.google.com/file/d/1ZA1v2wVVTjNr7yYjhCuyapAxVvAO2wOW/view?usp=drive_link,06_Barber Shop.jpeg,Salon,Tim's Barbershop,Barber Shop,"San Jose, CA",,67.52423095703125,78.27400073456465,Good
112,https://drive.google.com/file/d/1bilOptb59UoSbG3D1qkkscg3bEsLE4zC/view?usp=drive_link,07_Bueaty SPA.jpeg,Salon,246 Studio Spa,Beauty Salon,"San Jose, CA",,65.6290054321289,72.07074040308751,Good
113,https://drive.google.com/file/d/1lMNxXrTH5b1o1lvaiGY9U4O7Pe1nHVQ1/view?usp=drive_link,08_Foot Massage.jpeg,Salon,Happy Feet Foot Spa,Physical Therapy Shop,"San Jose, CA",,67.11927032470703,76.34743646108181,Good
114,https://drive.google.com/file/d/1_TT5FVVqHJesgPIyOnl-NykEGzrp7UWb/view?usp=drive_link,09_Hair Nail Bar.jpeg,Salon,Fancy Hair & Nails,Beauty Salon,"San Jose, CA",,66.51385498046875,72.5362369468994,Good
115,https://drive.google.com/file/d/1kS8t_l04DW1HaYO6-tu18gsQY-1vMy-p/view?usp=drive_link,10_Bueaty Salon.HEIC,Salon,Soon's Beauty Salon,Beauty Salon,"Cupertino, CA",,68.79071044921875,71.63651252778543,Good
116,https://drive.google.com/file/d/1aBI1fsZJmqkaUIvWrA7JgWlkVlt-Gf58/view?usp=drive_link,11_Massage Store.HEIC,Salon,Acupuncture and Chinese medical Group,Physical Therapy Shop,"Cupertino, CA",,69.00780487060547,68.91707944604282,Good
117,https://drive.google.com/file/d/1ncN-vCXGeXccEutMIc9d_yAY1-DWSH4g/view?usp=drive_link,12_Wellness Center.jpeg,Salon,Kelly Wellness & Chiropractic,Physical Therapy Shop,"Cupertino, CA",,68.5982437133789,65.03846834821573,Good
118,https://drive.google.com/file/d/1lsWlHliToTg0LdyPxW3dv1aaLsD2ebVf/view?usp=drive_link,13_Nail Bar.jpeg,Salon,Kayla Nails,Nail Salon,"San Jose, CA",,69.10425567626953,75.73776582924759,Good
119,https://drive.google.com/file/d/1ebsMlOKRZSK7lg3Nz88x4yucak1q3qAC/view?usp=drive_link,14_Hair Salon.jpeg,Salon,Lucy Hair Design,Beauty Salon,"San Jose, CA",,68.0422592163086,72.81646175979567,Good
120,https://drive.google.com/file/d/1zqr58xEOJkB6J1nS5IEbfs0amQmmeaw1/view?usp=drive_link,15_Massage Center.jpeg,Salon,Chiropractic acupunture,Physical Therapy Shop,"San Jose, CA",,68.95220184326172,72.50292631536938,Good
121,https://drive.google.com/file/d/1myrJDTXerOZJkAHZAOt8hk4K5C98nVYC/view?usp=drive_link,16_Tattoo Bar.jpeg,Salon,Browciety,Tattoo Shop,"San Jose, CA",,67.92516326904297,72.55211098985667,Good
122,https://drive.google.com/file/d/1031F7lP-17GoV7GiUSyhURdoTsXHNoF8/view?usp=drive_link,17_Hair Salon.jpeg,Salon,Great Cuts,Beauty Salon,"Santa Clara, CA",,69.41546630859375,72.74852032350529,Good
123,https://drive.google.com/file/d/1rFDJ6PdEmjtU_Q94Czt5XbMYDJGDt5Ha/view?usp=drive_link,18_Hair Salon.jpeg,Salon,Island Girl Pedicure,Nail Salon,"Santa Clara, CA",,67.81570434570312,74.29485116743697,Good
124,https://drive.google.com/file/d/1of9W_1pV5QvyLayA9WRGa20eUcIQ2nDg/view?usp=drive_link,19_Barber Shop.jpeg,Salon,Culture Cutz,Barber Shop,"Santa Clara, CA",,67.44157409667969,71.01516981502952,Good
125,https://drive.google.com/file/d/1o9oFzX47-ivBfSZ8MTWB0JppdwC0rKVm/view?usp=drive_link,20_Kids Barber Shop.jpeg,Salon,Sharkey's Cuts for Kids,Barber Shop,"San Jose, CA",,66.12065124511719,72.34649419181953,Good
126,https://drive.google.com/file/d/1fai96DvzVKMeM4XSfHwBm8u_bYItRYXx/view?usp=drive_link,21_Massage Center.jpeg,Salon,Perfect healing massage center,Physical Therapy Shop,"Sunnyvale, CA",,63.75701141357422,66.70005804827782,Good
127,https://drive.google.com/file/d/1Q4P1iPV7m_FT4LrbsbyHYHmsUtT02odN/view?usp=drive_link,22_Hair Salon.jpeg,Salon,MARKEN SALON,Beauty Salon,"Milpitas, CA",,64.6225357055664,65.4126802669232,Good
128,https://drive.google.com/file/d/1QADDyGX4dWx6FJf25971c2z3-Z5ATrg5/view?usp=drive_link,23_Beauty Salon.jpeg,Salon,Dream Hair Beauty Salon,Beauty Salon,"Milpitas, CA",,64.03443145751953,74.04430680869007,Good
129,https://drive.google.com/file/d/1Eog0Gu305KP648uUCmKNISFo8wNK8MAy/view?usp=drive_link,24_Hair Salon.jpeg,Salon,Lucky Hair & Nails,Nail Salon,"San Jose, CA",,67.45262908935547,78.52399932799108,Good
130,https://drive.google.com/file/d/1TaYu7zxv6tLurD7cF2nbWhPfYIcvJh1H/view?usp=drive_link,25_Hair and Nail Salon.jpeg,Salon,Elizabeth Beauty Salon,Beauty Salon,"San Jose, CA",,70.05586242675781,76.77534185676535,Good
131,https://drive.google.com/file/d/1QOEFRnJJ2So616OMLnYQ98rbXTW4nANx/view?usp=drive_linkhttps://drive.google.com/file/d/1QOEFRnJJ2So616OMLnYQ98rbXTW4nANx/view?usp=drive_link,26_Hair Salon.jpeg,Salon,Pro Image Salon,Beauty Salon,"San Jose, CA",,67.63488006591797,77.69541334156382,Good
132,https://drive.google.com/file/d/1r4tpiCQtZ_PexP4lIp9I8KiX66sMAERh/view?usp=drive_link,27_Nail Bar.jpeg,Salon,Luxury Nail Bar,Nail Salon,"San Jose, CA",,66.37969970703125,74.33693855819709,Good
133,https://drive.google.com/file/d/1Uj4bJ2EXR0jFskrv9OI-yL-OuaykPESl/view?usp=drive_link,28_Nail Spa.jpeg,Salon,Perfect 10 Nail Spa,Nail Salon,"San Jose, CA",,66.79385375976562,77.09121305515107,Good
134,https://drive.google.com/file/d/1ZhWYui-wGfCwatNyXNrkjKAPk7PAC937/view?usp=drive_link,29_Nail Spa.jpeg,Salon,"Lamour Nails Spa, Willow Glen",Nail Salon,"San Jose, CA",,66.20532989501953,76.71444460077409,Good
135,https://drive.google.com/file/d/10I20f6fgoOIr8iPGmQ9CK79yeMxL8Vcu/view?usp=drive_link,30_Nail Spa and Wax Center.jpeg,Salon,Diva Nails Spa & Wax Center,Nail Salon,"San Jose, CA",,64.11508178710938,68.58660104836862,Good
136,https://drive.google.com/file/d/1M8Ytc1PIf3hMs0KlecvSskeUMI7XuEoe/view?usp=drive_link,31_Nail and Hair.jpeg,Salon,Sunflower Nails & Hair,Beauty Salon,"San Jose, CA",,65.1481704711914,71.75663322197552,Good
137,https://drive.google.com/file/d/1HViM_bBCw16Yz19-x9S_y4vF13WShLkY/view?usp=drive_link,32_Nail Bar.jpeg,Salon,Nail Pros,Nail Salon,"San Jose, CA",,65.90887451171875,68.9468921061382,Good
138,https://drive.google.com/file/d/1LhXr0z0dY6dD6_aVyDak8tEP9Bfj-fcl/view?usp=drive_link,33_Nail Bar.jpeg,Salon,Bamboo Nail Bar,Nail Salon,"San Jose, CA",,66.85445404052734,75.88851128764865,Good
139,https://drive.google.com/file/d/13rVartWduVX2lHUD2T5I8ifcYgLVpJSV/view?usp=drive_link,34_Facial Spa.jpeg,Salon,Strada Salon & Day Spa,Beauty Salon,"San Jose, CA",,63.57661056518555,76.54959808955803,Good
140,https://drive.google.com/file/d/1K-btZgWIfmxQ5cSADRDSPsPJJo635mzl/view?usp=drive_link,35_Facial Salon.jpeg,Salon,Hummingbird Beauty,Beauty Salon,"San Jose, CA",,66.94495391845703,76.38434542740582,Good
141,https://drive.google.com/file/d/1bOrQdAGuWBPGq-IliTMTqTbp6k6izqHz/view?usp=drive_link,36_Hair&Nail.jpeg,Salon,Mister+Mrs,Beauty Salon,"San Jose, CA",,66.36084747314453,58.08318717730671,Fair
142,https://drive.google.com/file/d/1Z82ZZ4rjmVBJmzrjVSXekGOVgaKUQbDE/view?usp=drive_link,37_Barber Shop.jpeg,Salon,Alpha Barbershop,Barber Shop,"Sunnyvale, CA",,64.6291275024414,67.1564101489991,Good
143,https://drive.google.com/file/d/1rER3Ce8-R4WgOmYpf8QEqz_D0Bs1hfNO/view?usp=drive_link,38_Hair Designer.jpeg,Salon,Hair Design,Barber Shop,"Sunnyvale, CA",,54.93349456787109,30.204798748103336,Poor
144,https://drive.google.com/file/d/13DU34pC9vo-TkYdKCIlY3s2U4i1iUHEB/view?usp=drive_link,39_Beauty Salon.jpeg,Salon,The Amore,Barber Shop,"Sunnyvale, CA",,56.55661010742188,50.81449131709256,Fair
